;,ID(0-128),fileName,,,,,,,,,,,,,,,,,,,,,,,,,,,,,,,,,,,,,,,,,,
S,0,data/binary/#ctrl_none.slt,,,,,,,,,,,,,,,,,,,,,,,,,,,,,,,,,,,,,,,,,,
S,1,data/binary/#ctrl_replay.slt,,,,,,,,,,,,,,,,,,,,,,,,,,,,,,,,,,,,,,,,,,
S,2,data/binary/#ctrl_bell.slt,,,,,,,,,,,,,,,,,,,,,,,,,,,,,,,,,,,,,,,,,,
S,3,data/binary/#ctrl_cherry.slt,,,,,,,,,,,,,,,,,,,,,,,,,,,,,,,,,,,,,,,,,,
S,4,data/binary/#ctrl_suika.slt,,,,,,,,,,,,,,,,,,,,,,,,,,,,,,,,,,,,,,,,,,
,,,,,,,,,,,,,,,,,,,,,,,,,,,,,,,,,,,,,,,,,,,,
,,,,,,,,,,,,,,,,,,,,,,,,,,,,,,,,,,,,,,,,,,,,
,,,,,,,,,,,,,,,,,,,,,,,,,,,,,,,,,,,,,,,,,,,,
,,,,,,,,,,,,,,,,,,,,,,,,,,,,,,,,,,,,,,,,,,,,
,,,,,,,,,,,,,,,,,,,,,,,,,,,,,,,,,,,,,,,,,,,,
;,flag,bonus,1st,None,,,,,,,,,,,,,,,,,,,,,,,,,,,,,,,,,,,,,,,,
T,0,0,0,,,,,,,,,,,,,,,,,,,,,,,,,,,,,,,,,,,,,,,,,
;,0,1,2,3,4,5,6,7,8,9,A,B,C,D,E,F,G,H,I,J,K,1st,,,,,,,,,,,,,,,,,,,,,,
1--,1,,15,29,,32,35,41,,,,47,55,70,71,76,83,,,,88,,,,,,,,,,,,,,,,,,,,,,,
-1-,,96,100,101,105,106,110,111,112,113,117,,118,125,129,,130,136,,146,149,,,,,,,,,,,,,,,,,,,,,,,
--1,,155,159,,162,,165,,169,170,,171,172,,173,176,187,162,,188,,,,,,,,,,,,,,,,,,,,,,,,
123,0,1,2,3,4,5,6,7,8,9,A,B,C,D,E,F,G,H,I,J,K,132,0,1,2,3,4,5,6,7,8,9,A,B,C,D,E,F,G,H,I,J,K,2nd
0,2,,3,4,,2,,5,6,7,,4,,2,8,5,,7,,4,,0,9,10,11,12,13,9,10,,12,13,,,14,9,,11,12,13,,,14,
1,,,,,,,,,,,,,,,,,,,,,,1,,,,,,,,,,,,,,,,,,,,,,
2,16,17,,18,17,19,20,21,22,23,,18,17,19,20,21,22,23,,18,17,2,,24,25,26,27,,24,25,26,27,,94,28,,24,25,26,27,,94,28,
3,30,30,,31,30,,,30,,30,,31,30,,,30,,30,,31,30,3,,,,31,,,30,,31,,,30,30,,30,,31,,,,30,
4,,,,,,,,,,,,,,,,,,,,,,4,,,,,,,,,,,,,,,,,,,,,,
5,,,33,,34,33,,,,33,34,,34,33,,,,34,33,,,5,,33,,34,,,33,,34,,34,33,,,,33,,,34,33,,
6,36,37,36,38,,36,39,36,38,,36,38,,36,39,,38,,36,38,40,6,37,38,,,39,37,38,39,36,39,37,,39,37,,,36,39,37,,39,
7,,,42,43,,44,,93,43,,42,43,,44,,,43,95,42,43,,7,45,46,46,,,45,46,,46,43,45,,,45,46,46,95,,45,,,
8,,,,,,,,,,,,,,,,,,,,,,8,,,,,,,,,,,,,,,,,,,,,,
9,,,,,,,,,,,,,,,,,,,,,,9,,,,,,,,,,,,,,,,,,,,,,
A,,,,,,,,,,,,,,,,,,,,,,A,,,,,,,,,,,,,,,,,,,,,,
B,49,50,,48,50,49,50,51,48,50,,48,50,49,50,51,48,50,,48,50,B,,,,52,53,,,,52,53,,52,54,,,,52,53,,52,54,
C,56,59,60,,,56,57,61,58,59,60,,,,57,62,58,59,60,,,C,65,64,66,,67,65,64,,69,,68,,67,65,63,66,,67,68,64,67,
D,70,70,70,70,70,70,70,70,70,70,70,70,70,70,70,70,70,70,70,70,70,D,70,70,70,70,70,70,70,70,70,70,70,70,70,70,70,70,70,70,70,70,70,
E,,72,,73,,74,72,,,75,,73,73,74,72,,74,75,,73,,E,,74,72,,73,,74,,73,73,75,,73,,74,72,,,,74,,
F,,,77,78,,,79,80,81,,77,78,,,79,80,81,,77,78,82,F,80,79,77,,,80,79,78,77,82,78,79,82,79,,80,,,77,80,82,
G,,84,85,,,,84,84,87,86,85,,,,86,84,87,86,85,,,G,,85,,84,86,,85,,84,,,85,86,,84,,,86,,85,86,
H,,,,,,,,,,,,,,,,,,,,,,H,,,,,,,,,,,,,,,,,,,,,,
I,,,,,,,,,,,,,,,,,,,,,,I,,,,,,,,,,,,,,,,,,,,,,
J,,,,,,,,,,,,,,,,,,,,,,J,,,,,,,,,,,,,,,,,,,,,,
K,91,90,89,92,,89,90,91,,92,89,,91,89,91,90,92,92,89,,,K,,89,91,90,,,89,91,90,91,,89,92,,89,,90,92,,90,92,
213,0,1,2,3,4,5,6,7,8,9,A,B,C,D,E,F,G,H,I,J,K,312,0,1,2,3,4,5,6,7,8,9,A,B,C,D,E,F,G,H,I,J,K,
0,,,,,,,,,,,,,,,,,,,,,,0,,,,,,,,,,,,,,,,,,,,,,
1,97,,,97,,,,98,,,,98,,,,98,98,,,,97,1,99,97,98,,,98,97,,97,99,,,,98,,,98,,,,,
2,100,100,100,100,100,100,100,100,100,100,100,100,100,100,100,100,100,100,100,100,100,2,100,100,100,100,100,100,100,100,100,100,100,100,100,100,100,100,100,100,100,100,100,
3,,,102,,,,103,102,,,,102,,103,102,,103,,,,103,3,,,,,104,,,,,104,,,104,,,,,104,,,104,
4,105,105,105,105,105,105,105,105,105,105,105,105,105,105,105,105,105,105,105,105,105,4,105,105,105,105,105,105,105,105,105,105,105,105,105,105,105,105,105,105,105,105,105,
5,,,107,,,107,,107,,,,107,,108,108,,107,,,,107,5,109,109,109,109,109,109,109,109,109,109,109,109,109,109,109,109,109,109,109,109,109,
6,110,110,110,110,110,110,110,110,110,110,110,110,110,110,110,110,110,110,110,110,110,6,110,110,110,110,110,110,110,110,110,110,110,110,110,110,110,110,110,110,110,110,110,
7,111,111,111,111,111,111,111,111,111,111,111,111,111,111,111,111,111,111,111,111,111,7,111,111,111,111,111,111,111,111,111,111,111,111,111,111,111,111,111,111,111,111,111,
8,112,112,112,112,112,112,112,112,112,112,112,112,112,112,112,112,112,112,112,112,112,8,112,112,112,112,112,112,112,112,112,112,112,112,112,112,112,112,112,112,112,112,112,
9,114,,115,114,,116,,114,,,,115,114,,115,116,116,,,,115,9,,114,115,116,114,,114,,116,115,,114,115,,114,115,115,114,,,115,
A,117,117,117,117,117,117,117,117,117,117,117,117,117,117,117,117,117,117,117,117,117,A,117,117,117,117,117,117,117,117,117,117,117,117,117,117,117,117,117,117,117,117,117,
B,,,,,,,,,,,,,,,,,,,,,,B,,,,,,,,,,,,,,,,,,,,,,
C,120,119,,,,,121,120,,,,119,,121,120,119,,,,,121,C,,,122,123,124,,,,,124,,,124,,,122,123,124,,,124,
D,,,126,,,128,128,126,,,,127,,128,127,,126,,,,127,D,,126,128,127,,,126,,127,128,,126,128,,126,126,127,,,126,128,
E,129,129,129,129,129,129,129,129,129,129,129,129,129,129,129,129,129,129,129,129,129,E,129,129,129,129,129,129,129,129,129,129,129,129,129,129,129,129,129,129,129,129,129,
F,,,,,,,,,,,,,,,,,,,,,,F,,,,,,,,,,,,,,,,,,,,,,
G,,134,131,132,,132,133,131,,,,131,132,133,131,132,133,,,,133,G,,135,,,134,,135,,,134,,,134,,135,135,,134,,,134,
H,137,,,,,140,,141,,,,,138,,139,,137,,,,,H,,145,144,,,,137,,,,,137,,,143,142,,,,137,,
I,,,,,,,,,,,,,,,,,,,,,,I,,,,,,,,,,,,,,,,,,,,,,
J,,147,147,,,148,147,147,,,,147,,147,147,148,147,,,,147,J,147,147,147,147,147,147,147,147,147,147,147,147,147,147,147,147,147,147,147,147,147,
K,149,149,149,149,149,149,149,149,149,149,149,149,149,149,149,149,149,149,149,149,149,K,149,149,149,149,149,149,149,149,149,149,149,149,149,149,149,149,149,149,149,149,149,
231,0,1,2,3,4,5,6,7,8,9,A,B,C,D,E,F,G,H,I,J,K,321,0,1,2,3,4,5,6,7,8,9,A,B,C,D,E,F,G,H,I,J,K,
0,,,,,,,,,,,,,,,,,,,,,,0,,,,,,,,,,,,,,,,,,,,,,
1,157,158,156,157,,158,157,156,,,,156,157,158,158,157,156,,,,156,1,157,,156,,157,156,,157,158,,156,,157,156,,157,158,,156,,157,
2,161,,160,,,,161,160,,,,160,,,160,,161,,,,,2,160,,,,,160,161,161,160,,,,,160,,,160,161,161,,,
3,,,,,,,,,,,,,,,,,,,,,,3,,,,,,,,,,,,,,,,,,,,,,
4,163,164,,163,164,,164,163,,,,163,163,,163,,163,,,,,4,163,163,163,163,163,163,163,163,163,163,163,163,163,163,163,163,163,163,163,163,163,
5,,,,,,,,,,,,,,,,,,,,,,5,,,,,,,,,,,,,,,,,,,,,,
6,167,167,166,167,167,166,167,166,,,,166,167,167,166,167,166,,,,166,6,166,167,166,168,166,166,168,166,167,168,166,168,166,166,168,166,167,168,166,168,166,
7,,,,,,,,,,,,,,,,,,,,,,7,,,,,,,,,,,,,,,,,,,,,,
8,169,169,169,169,169,169,169,169,169,169,169,169,169,169,169,169,169,169,169,169,169,8,169,169,169,169,169,169,169,169,169,169,169,169,169,169,169,169,169,169,169,169,169,
9,170,170,170,170,170,170,170,170,170,170,170,170,170,170,170,170,170,170,170,170,170,9,170,170,170,170,170,170,170,170,170,170,170,170,170,170,170,170,170,170,170,170,170,
A,,,,,,,,,,,,,,,,,,,,,,A,,,,,,,,,,,,,,,,,,,,,,
B,171,171,171,171,171,171,171,171,171,171,171,171,171,171,171,171,171,171,171,171,171,B,171,171,171,171,171,171,171,171,171,171,171,171,171,171,171,171,171,171,171,171,171,
C,172,172,172,172,172,172,172,172,172,172,172,172,172,172,172,172,172,172,172,172,172,C,172,172,172,172,172,172,172,172,172,172,172,172,172,172,172,172,172,172,172,172,172,
D,,,,,,,,,,,,,,,,,,,,,,D,,,,,,,,,,,,,,,,,,,,,,
E,,,174,,,175,,174,,,,174,,,,175,174,,,,174,E,,,174,175,,174,,,175,,174,175,,174,,,175,,174,175,,
F,,177,,,,,178,179,,,,179,180,181,,182,,,,,183,F,,,,184,185,,,,186,,,184,185,,,,186,191,,184,185,
G,187,187,187,187,187,187,187,187,187,187,187,187,187,187,187,187,187,187,187,187,187,G,187,187,187,187,187,187,187,187,187,187,187,187,187,187,187,187,187,187,187,187,187,
H,163,164,,163,164,,164,163,,,,163,163,,163,,163,,,,,H,163,163,163,163,163,163,163,163,163,163,163,163,163,163,163,163,163,163,163,163,163,
I,,,,,,,,,,,,,,,,,,,,,,I,,,,,,,,,,,,,,,,,,,,,,
J,188,189,188,188,188,188,189,188,188,188,188,188,188,188,188,189,188,188,188,188,188,J,188,188,188,188,188,190,188,188,188,188,188,188,188,190,188,188,188,188,188,188,188,
K,,,,,,,,,,,,,,,,,,,,,,K,,,,,,,,,,,,,,,,,,,,,,
,,,,,,,,,,,,,,,,,,,,,,,,,,,,,,,,,,,,,,,,,,,,
;,flag,bonus,1st,Replay,,,,,,,,,,,,,,,,,,,,,,,,,,,,,,,,,,,,,,,,
T,1,0,1005,,,,,,,,,,,,,,,,,,,,,,,,,,,,,,,,,,,,,,,,,
;,0,1,2,3,4,5,6,7,8,9,A,B,C,D,E,F,G,H,I,J,K,1st,,,,,,,,,,,,,,,,,,,,,,
1--,1006,1007,1000,1006,,,1007,1000,,,,1000,1006,,,1007,1000,,,,1000,,,,,,,,,,,,,,,,,,,,,,,
-1-,1008,1008,1008,1008,1008,1008,1008,1008,1008,1008,1008,1008,1008,1008,1008,1008,1008,1008,1008,1008,1008,,,,,,,,,,,,,,,,,,,,,,,
--1,1000,1000,1000,1000,1000,1000,1000,1000,1000,1000,1000,1000,1000,1000,1000,1000,1000,1000,1000,1000,1000,,,,,,,,,,,,,,,,,,,,,,,
123,0,1,2,3,4,5,6,7,8,9,A,B,C,D,E,F,G,H,I,J,K,132,0,1,2,3,4,5,6,7,8,9,A,B,C,D,E,F,G,H,I,J,K,2nd
0,,,1003,1001,,1003,1001,,,,1003,1001,,1003,1001,,,,1003,1001,,0,,1001,,,1003,,1001,,,1003,,1001,1003,,1001,,,1003,,1001,1003,
1,,1002,1004,,1002,1004,,,,1002,1004,,1002,1004,,,,1002,1004,,,1,,1004,,,1002,,1004,,,1002,,1004,1002,,1004,,,1002,,1004,1002,
2,,,1000,,,1000,,,,,1000,,,1000,,,,,1000,,,2,1000,,,,,1000,,,,,1000,,,1000,,,,,1000,,,
3,,,1003,1001,,1003,1001,,,,1003,1001,,1003,1001,,,,1003,1001,,3,,1001,,,1003,,1001,,,1003,,1001,1003,,1001,,,1003,,1001,1003,
4,,,,,,,,,,,,,,,,,,,,,,4,,,,,,,,,,,,,,,,,,,,,,
5,,,,,,,,,,,,,,,,,,,,,,5,,,,,,,,,,,,,,,,,,,,,,
6,,1002,1004,,1002,1004,,,,1002,1004,,1002,1004,,,,1002,1004,,,6,,1004,,,1002,,1004,,,1002,,1004,1002,,1004,,,1002,,1004,1002,
7,,,1000,,,1000,,,,,1000,,,1000,,,,,1000,,,7,1000,,,,,1000,,,,,1000,,,1000,,,,,1000,,,
8,,,,,,,,,,,,,,,,,,,,,,8,,,,,,,,,,,,,,,,,,,,,,
9,,,,,,,,,,,,,,,,,,,,,,9,,,,,,,,,,,,,,,,,,,,,,
A,,,,,,,,,,,,,,,,,,,,,,A,,,,,,,,,,,,,,,,,,,,,,
B,,,1000,,,1000,,,,,1000,,,1000,,,,,1000,,,B,1000,,,,,1000,,,,,1000,,,1000,,,,,1000,,,
C,,,1003,1001,,1003,1001,,,,1003,1001,,1003,1001,,,,1003,1001,,C,,1001,,,1003,,1001,,,1003,,1001,1003,,1001,,,1003,,1001,1003,
D,,,,,,,,,,,,,,,,,,,,,,D,,,,,,,,,,,,,,,,,,,,,,
E,,,,,,,,,,,,,,,,,,,,,,E,,,,,,,,,,,,,,,,,,,,,,
F,,1002,1004,,1002,1004,,,,1002,1004,,1002,1004,,,,1002,1004,,,F,,1004,,,1002,,1004,,,1002,,1004,1002,,1004,,,1002,,1004,1002,
G,,,1000,,,1000,,,,,1000,,,1000,,,,,1000,,,G,1000,,,,,1000,,,,,1000,,,1000,,,,,1000,,,
H,,,,,,,,,,,,,,,,,,,,,,H,,,,,,,,,,,,,,,,,,,,,,
I,,,,,,,,,,,,,,,,,,,,,,I,,,,,,,,,,,,,,,,,,,,,,
J,,,,,,,,,,,,,,,,,,,,,,J,,,,,,,,,,,,,,,,,,,,,,
K,,,1000,,,1000,,,,,1000,,,1000,,,,,1000,,,K,1000,,,,,1000,,,,,1000,,,1000,,,,,1000,,,
213,0,1,2,3,4,5,6,7,8,9,A,B,C,D,E,F,G,H,I,J,K,312,0,1,2,3,4,5,6,7,8,9,A,B,C,D,E,F,G,H,I,J,K,
0,,,,,,,,,,,,,,,,,,,,,,0,1000,1000,1000,1000,1000,1000,1000,1000,1000,1000,1000,1000,1000,1000,1000,1000,1000,1000,1000,1000,1000,
1,,1002,,,,,1002,,,,,,,,,1002,,,,,,1,1000,1000,1000,1000,1000,1000,1000,1000,1000,1000,1000,1000,1000,1000,1000,1000,1000,1000,1000,1000,1000,
2,1003,1004,1000,1003,,,1004,1000,,,,1000,1003,,,1004,1000,,,,1000,2,1000,1000,1000,1000,1000,1000,1000,1000,1000,1000,1000,1000,1000,1000,1000,1000,1000,1000,1000,1000,1000,
3,1001,,,1001,,,,,,,,,1001,,,,,,,,,3,1000,1000,1000,1000,1000,1000,1000,1000,1000,1000,1000,1000,1000,1000,1000,1000,1000,1000,1000,1000,1000,
4,,1002,,,,,1002,,,,,,,,,1002,,,,,,4,1000,1000,1000,1000,1000,1000,1000,1000,1000,1000,1000,1000,1000,1000,1000,1000,1000,1000,1000,1000,1000,
5,1003,1004,1000,1003,,,1004,1000,,,,1000,1003,,,1004,1000,,,,1000,5,1000,1000,1000,1000,1000,1000,1000,1000,1000,1000,1000,1000,1000,1000,1000,1000,1000,1000,1000,1000,1000,
6,1001,,,1001,,,,,,,,,1001,,,,,,,,,6,1000,1000,1000,1000,1000,1000,1000,1000,1000,1000,1000,1000,1000,1000,1000,1000,1000,1000,1000,1000,1000,
7,,,,,,,,,,,,,,,,,,,,,,7,1000,1000,1000,1000,1000,1000,1000,1000,1000,1000,1000,1000,1000,1000,1000,1000,1000,1000,1000,1000,1000,
8,,,,,,,,,,,,,,,,,,,,,,8,1000,1000,1000,1000,1000,1000,1000,1000,1000,1000,1000,1000,1000,1000,1000,1000,1000,1000,1000,1000,1000,
9,,1002,,,,,1002,,,,,,,,,1002,,,,,,9,1000,1000,1000,1000,1000,1000,1000,1000,1000,1000,1000,1000,1000,1000,1000,1000,1000,1000,1000,1000,1000,
A,1003,1004,1000,1003,,,1004,1000,,,,1000,1003,,,1004,1000,,,,1000,A,1000,1000,1000,1000,1000,1000,1000,1000,1000,1000,1000,1000,1000,1000,1000,1000,1000,1000,1000,1000,1000,
B,1001,,,1001,,,,,,,,,1001,,,,,,,,,B,1000,1000,1000,1000,1000,1000,1000,1000,1000,1000,1000,1000,1000,1000,1000,1000,1000,1000,1000,1000,1000,
C,,1002,,,,,1002,,,,,,,,,1002,,,,,,C,1000,1000,1000,1000,1000,1000,1000,1000,1000,1000,1000,1000,1000,1000,1000,1000,1000,1000,1000,1000,1000,
D,1003,1004,1000,1003,,,1004,1000,,,,1000,1003,,,1004,1000,,,,1000,D,1000,1000,1000,1000,1000,1000,1000,1000,1000,1000,1000,1000,1000,1000,1000,1000,1000,1000,1000,1000,1000,
E,1001,,,1001,,,,,,,,,1001,,,,,,,,,E,1000,1000,1000,1000,1000,1000,1000,1000,1000,1000,1000,1000,1000,1000,1000,1000,1000,1000,1000,1000,1000,
F,,,,,,,,,,,,,,,,,,,,,,F,1000,1000,1000,1000,1000,1000,1000,1000,1000,1000,1000,1000,1000,1000,1000,1000,1000,1000,1000,1000,1000,
G,,,,,,,,,,,,,,,,,,,,,,G,1000,1000,1000,1000,1000,1000,1000,1000,1000,1000,1000,1000,1000,1000,1000,1000,1000,1000,1000,1000,1000,
H,,1002,,,,,1002,,,,,,,,,1002,,,,,,H,1000,1000,1000,1000,1000,1000,1000,1000,1000,1000,1000,1000,1000,1000,1000,1000,1000,1000,1000,1000,1000,
I,1003,1004,1000,1003,,,1004,1000,,,,1000,1003,,,1004,1000,,,,1000,I,1000,1000,1000,1000,1000,1000,1000,1000,1000,1000,1000,1000,1000,1000,1000,1000,1000,1000,1000,1000,1000,
J,1001,,,1001,,,,,,,,,1001,,,,,,,,,J,1000,1000,1000,1000,1000,1000,1000,1000,1000,1000,1000,1000,1000,1000,1000,1000,1000,1000,1000,1000,1000,
K,,,,,,,,,,,,,,,,,,,,,,K,1000,1000,1000,1000,1000,1000,1000,1000,1000,1000,1000,1000,1000,1000,1000,1000,1000,1000,1000,1000,1000,
231,0,1,2,3,4,5,6,7,8,9,A,B,C,D,E,F,G,H,I,J,K,321,0,1,2,3,4,5,6,7,8,9,A,B,C,D,E,F,G,H,I,J,K,
0,1000,1000,1000,1000,1000,1000,1000,1000,1000,1000,1000,1000,1000,1000,1000,1000,1000,1000,1000,1000,1000,0,1000,1000,1000,1000,1000,1000,1000,1000,1000,1000,1000,1000,1000,1000,1000,1000,1000,1000,1000,1000,1000,
1,1000,1000,1000,1000,1000,1000,1000,1000,1000,1000,1000,1000,1000,1000,1000,1000,1000,1000,1000,1000,1000,1,1000,1000,1000,1000,1000,1000,1000,1000,1000,1000,1000,1000,1000,1000,1000,1000,1000,1000,1000,1000,1000,
2,1000,1000,1000,1000,1000,1000,1000,1000,1000,1000,1000,1000,1000,1000,1000,1000,1000,1000,1000,1000,1000,2,1000,1000,1000,1000,1000,1000,1000,1000,1000,1000,1000,1000,1000,1000,1000,1000,1000,1000,1000,1000,1000,
3,1000,1000,1000,1000,1000,1000,1000,1000,1000,1000,1000,1000,1000,1000,1000,1000,1000,1000,1000,1000,1000,3,1000,1000,1000,1000,1000,1000,1000,1000,1000,1000,1000,1000,1000,1000,1000,1000,1000,1000,1000,1000,1000,
4,1000,1000,1000,1000,1000,1000,1000,1000,1000,1000,1000,1000,1000,1000,1000,1000,1000,1000,1000,1000,1000,4,1000,1000,1000,1000,1000,1000,1000,1000,1000,1000,1000,1000,1000,1000,1000,1000,1000,1000,1000,1000,1000,
5,1000,1000,1000,1000,1000,1000,1000,1000,1000,1000,1000,1000,1000,1000,1000,1000,1000,1000,1000,1000,1000,5,1000,1000,1000,1000,1000,1000,1000,1000,1000,1000,1000,1000,1000,1000,1000,1000,1000,1000,1000,1000,1000,
6,1000,1000,1000,1000,1000,1000,1000,1000,1000,1000,1000,1000,1000,1000,1000,1000,1000,1000,1000,1000,1000,6,1000,1000,1000,1000,1000,1000,1000,1000,1000,1000,1000,1000,1000,1000,1000,1000,1000,1000,1000,1000,1000,
7,1000,1000,1000,1000,1000,1000,1000,1000,1000,1000,1000,1000,1000,1000,1000,1000,1000,1000,1000,1000,1000,7,1000,1000,1000,1000,1000,1000,1000,1000,1000,1000,1000,1000,1000,1000,1000,1000,1000,1000,1000,1000,1000,
8,1000,1000,1000,1000,1000,1000,1000,1000,1000,1000,1000,1000,1000,1000,1000,1000,1000,1000,1000,1000,1000,8,1000,1000,1000,1000,1000,1000,1000,1000,1000,1000,1000,1000,1000,1000,1000,1000,1000,1000,1000,1000,1000,
9,1000,1000,1000,1000,1000,1000,1000,1000,1000,1000,1000,1000,1000,1000,1000,1000,1000,1000,1000,1000,1000,9,1000,1000,1000,1000,1000,1000,1000,1000,1000,1000,1000,1000,1000,1000,1000,1000,1000,1000,1000,1000,1000,
A,1000,1000,1000,1000,1000,1000,1000,1000,1000,1000,1000,1000,1000,1000,1000,1000,1000,1000,1000,1000,1000,A,1000,1000,1000,1000,1000,1000,1000,1000,1000,1000,1000,1000,1000,1000,1000,1000,1000,1000,1000,1000,1000,
B,1000,1000,1000,1000,1000,1000,1000,1000,1000,1000,1000,1000,1000,1000,1000,1000,1000,1000,1000,1000,1000,B,1000,1000,1000,1000,1000,1000,1000,1000,1000,1000,1000,1000,1000,1000,1000,1000,1000,1000,1000,1000,1000,
C,1000,1000,1000,1000,1000,1000,1000,1000,1000,1000,1000,1000,1000,1000,1000,1000,1000,1000,1000,1000,1000,C,1000,1000,1000,1000,1000,1000,1000,1000,1000,1000,1000,1000,1000,1000,1000,1000,1000,1000,1000,1000,1000,
D,1000,1000,1000,1000,1000,1000,1000,1000,1000,1000,1000,1000,1000,1000,1000,1000,1000,1000,1000,1000,1000,D,1000,1000,1000,1000,1000,1000,1000,1000,1000,1000,1000,1000,1000,1000,1000,1000,1000,1000,1000,1000,1000,
E,1000,1000,1000,1000,1000,1000,1000,1000,1000,1000,1000,1000,1000,1000,1000,1000,1000,1000,1000,1000,1000,E,1000,1000,1000,1000,1000,1000,1000,1000,1000,1000,1000,1000,1000,1000,1000,1000,1000,1000,1000,1000,1000,
F,1000,1000,1000,1000,1000,1000,1000,1000,1000,1000,1000,1000,1000,1000,1000,1000,1000,1000,1000,1000,1000,F,1000,1000,1000,1000,1000,1000,1000,1000,1000,1000,1000,1000,1000,1000,1000,1000,1000,1000,1000,1000,1000,
G,1000,1000,1000,1000,1000,1000,1000,1000,1000,1000,1000,1000,1000,1000,1000,1000,1000,1000,1000,1000,1000,G,1000,1000,1000,1000,1000,1000,1000,1000,1000,1000,1000,1000,1000,1000,1000,1000,1000,1000,1000,1000,1000,
H,1000,1000,1000,1000,1000,1000,1000,1000,1000,1000,1000,1000,1000,1000,1000,1000,1000,1000,1000,1000,1000,H,1000,1000,1000,1000,1000,1000,1000,1000,1000,1000,1000,1000,1000,1000,1000,1000,1000,1000,1000,1000,1000,
I,1000,1000,1000,1000,1000,1000,1000,1000,1000,1000,1000,1000,1000,1000,1000,1000,1000,1000,1000,1000,1000,I,1000,1000,1000,1000,1000,1000,1000,1000,1000,1000,1000,1000,1000,1000,1000,1000,1000,1000,1000,1000,1000,
J,1000,1000,1000,1000,1000,1000,1000,1000,1000,1000,1000,1000,1000,1000,1000,1000,1000,1000,1000,1000,1000,J,1000,1000,1000,1000,1000,1000,1000,1000,1000,1000,1000,1000,1000,1000,1000,1000,1000,1000,1000,1000,1000,
K,1000,1000,1000,1000,1000,1000,1000,1000,1000,1000,1000,1000,1000,1000,1000,1000,1000,1000,1000,1000,1000,K,1000,1000,1000,1000,1000,1000,1000,1000,1000,1000,1000,1000,1000,1000,1000,1000,1000,1000,1000,1000,1000,
,,,,,,,,,,,,,,,,,,,,,,,,,,,,,,,,,,,,,,,,,,,,
;,flag,bonus,1st,Bell,,,,,,,,,,,,,,,,,,,,,,,,,,,,,,,,,,,,,,,,
T,2,543210,2005,,,,,,,,,,,,,,,,,,,,,,,,,,,,,,,,,,,,,,,,,
;,0,1,2,3,4,5,6,7,8,9,A,B,C,D,E,F,G,H,I,J,K,1st,,,,,,,,,,,,,,,,,,,,,,
1--,,,2012,2000,2008,2000,2006,2013,,,,2007,2000,2006,2007,2000,2006,,,,2006,,,,,,,,,,,,,,,,,,,,,,,
-1-,2021,2021,2021,2021,2021,2021,2021,2021,2021,2021,2021,2021,2021,2021,2021,2021,2021,2021,2021,2021,2021,,,,,,,,,,,,,,,,,,,,,,,
--1,2000,2000,2000,2000,2000,2000,2000,2000,2000,2000,2000,2000,2000,2000,2000,2000,2000,2000,2000,2000,2000,,,,,,,,,,,,,,,,,,,,,,,
123,0,1,2,3,4,5,6,7,8,9,A,B,C,D,E,F,G,H,I,J,K,132,0,1,2,3,4,5,6,7,8,9,A,B,C,D,E,F,G,H,I,J,K,2nd
0,,,,,,,,,,,,,,,,,,,,,,0,,,,,,,,,,,,,,,,,,,,,,
1,,,,,,,,,,,,,,,,,,,,,,1,,,,,,,,,,,,,,,,,,,,,,
2,,,2002,2004,,,,2002,2004,,2002,2004,,,,2002,2004,,2002,2004,,2,2004,,,2002,,2004,,,2002,,2004,2002,,2004,,,2002,,2004,2002,,
3,,,,2000,,,,,2000,,,2000,,,,,2000,,,2000,,3,,,,,2000,,,,,2000,,,2000,,,,,2000,,,2000,
4,,,2002,2009,2001,,,2002,2009,2001,2002,2009,2001,,,2002,2009,2001,2002,2009,2001,4,2010,,,2011,,2010,,,2011,,2010,2011,,2010,,,2011,,2010,2011,,
5,,,,2000,,,,,2000,,,2000,,,,,2000,,,2000,,5,,,,,2000,,,,,2000,,,2000,,,,,2000,,,2000,
6,,,,2003,2001,,,,2003,2001,,2003,2001,,,,2003,2001,,2003,2001,6,2001,,,2003,,2001,,,2003,,2001,2003,,2001,,,2003,,2001,2003,,
7,,,2002,2004,,,,2002,2004,,2002,2004,,,,2002,2004,,2002,2004,,7,2004,,,2002,,2004,,,2002,,2004,2002,,2004,,,2002,,2004,2002,,
8,,,,,,,,,,,,,,,,,,,,,,8,,,,,,,,,,,,,,,,,,,,,,
9,,,,,,,,,,,,,,,,,,,,,,9,,,,,,,,,,,,,,,,,,,,,,
A,,,,,,,,,,,,,,,,,,,,,,A,,,,,,,,,,,,,,,,,,,,,,
B,,,2002,2004,,,,2002,2004,,2002,2004,,,,2002,2004,,2002,2004,,B,2004,,,2002,,2004,,,2002,,2004,2002,,2004,,,2002,,2004,2002,,
C,,,,2000,,,,,2000,,,2000,,,,,2000,,,2000,,C,,,,,2000,,,,,2000,,,2000,,,,,2000,,,2000,
D,,,,2003,2001,,,,2003,2001,,2003,2001,,,,2003,2001,,2003,2001,D,2001,,,2003,,2001,,,2003,,2001,2003,,2001,,,2003,,2001,2003,,
E,,,2002,2004,,,,2002,2004,,2002,2004,,,,2002,2004,,2002,2004,,E,2004,,,2002,,2004,,,2002,,2004,2002,,2004,,,2002,,2004,2002,,
F,,,,2000,,,,,2000,,,2000,,,,,2000,,,2000,,F,,,,,2000,,,,,2000,,,2000,,,,,2000,,,2000,
G,,,,2003,2001,,,,2003,2001,,2003,2001,,,,2003,2001,,2003,2001,G,2001,,,2003,,2001,,,2003,,2001,2003,,2001,,,2003,,2001,2003,,
H,,,,,,,,,,,,,,,,,,,,,,H,,,,,,,,,,,,,,,,,,,,,,
I,,,,,,,,,,,,,,,,,,,,,,I,,,,,,,,,,,,,,,,,,,,,,
J,,,,,,,,,,,,,,,,,,,,,,J,,,,,,,,,,,,,,,,,,,,,,
K,,,,2003,2001,,,,2003,2001,,2003,2001,,,,2003,2001,,2003,2001,K,2001,,,2003,,2001,,,2003,,2001,2003,,2001,,,2003,,2001,2003,,
213,0,1,2,3,4,5,6,7,8,9,A,B,C,D,E,F,G,H,I,J,K,312,0,1,2,3,4,5,6,7,8,9,A,B,C,D,E,F,G,H,I,J,K,
0,,,,,,,,,,,,,,,,,,,,,,0,2000,2000,2000,2000,2000,2000,2000,2000,2000,2000,2000,2000,2000,2000,2000,2000,2000,2000,2000,2000,2000,
1,,,,,,,,,,,,,,,,,,,,,,1,2000,2000,2000,2000,2000,2000,2000,2000,2000,2000,2000,2000,2000,2000,2000,2000,2000,2000,2000,2000,2000,
2,,,2002,,2002,,,2002,,,,2002,,,2002,,,,,,,2,2000,2000,2000,2000,2000,2000,2000,2000,2000,2000,2000,2000,2000,2000,2000,2000,2000,2000,2000,2000,2000,
3,,,2004,2000,2009,2000,2003,2004,,,,2004,2000,2003,2004,2000,2003,,,,2003,3,2000,2000,2000,2000,2000,2000,2000,2000,2000,2000,2000,2000,2000,2000,2000,2000,2000,2000,2000,2000,2000,
4,,,,,2001,,2001,,,,,,,2001,,,2001,,,,2001,4,2000,2000,2000,2000,2000,2000,2000,2000,2000,2000,2000,2000,2000,2000,2000,2000,2000,2000,2000,2000,2000,
5,,,,,,,,,,,,,,,,,,,,,,5,2000,2000,2000,2000,2000,2000,2000,2000,2000,2000,2000,2000,2000,2000,2000,2000,2000,2000,2000,2000,2000,
6,,,,,,,,,,,,,,,,,,,,,,6,2000,2000,2000,2000,2000,2000,2000,2000,2000,2000,2000,2000,2000,2000,2000,2000,2000,2000,2000,2000,2000,
7,,,2002,,2002,,,2002,,,,2002,,,2002,,,,,,,7,2000,2000,2000,2000,2000,2000,2000,2000,2000,2000,2000,2000,2000,2000,2000,2000,2000,2000,2000,2000,2000,
8,,,2004,2000,2009,2000,2003,2004,,,,2004,2000,2003,2004,2000,2003,,,,2003,8,2000,2000,2000,2000,2000,2000,2000,2000,2000,2000,2000,2000,2000,2000,2000,2000,2000,2000,2000,2000,2000,
9,,,,,2001,,2001,,,,,,,2001,,,2001,,,,2001,9,2000,2000,2000,2000,2000,2000,2000,2000,2000,2000,2000,2000,2000,2000,2000,2000,2000,2000,2000,2000,2000,
A,,,2002,,2002,,,2002,,,,2002,,,2002,,,,,,,A,2000,2000,2000,2000,2000,2000,2000,2000,2000,2000,2000,2000,2000,2000,2000,2000,2000,2000,2000,2000,2000,
B,,,2004,2000,2009,2000,2003,2004,,,,2004,2000,2003,2004,2000,2003,,,,2003,B,2000,2000,2000,2000,2000,2000,2000,2000,2000,2000,2000,2000,2000,2000,2000,2000,2000,2000,2000,2000,2000,
C,,,,,2001,,2001,,,,,,,2001,,,2001,,,,2001,C,2000,2000,2000,2000,2000,2000,2000,2000,2000,2000,2000,2000,2000,2000,2000,2000,2000,2000,2000,2000,2000,
D,,,,,,,,,,,,,,,,,,,,,,D,2000,2000,2000,2000,2000,2000,2000,2000,2000,2000,2000,2000,2000,2000,2000,2000,2000,2000,2000,2000,2000,
E,,,,,,,,,,,,,,,,,,,,,,E,2000,2000,2000,2000,2000,2000,2000,2000,2000,2000,2000,2000,2000,2000,2000,2000,2000,2000,2000,2000,2000,
F,,,2002,,2002,,,2002,,,,2002,,,2002,,,,,,,F,2000,2000,2000,2000,2000,2000,2000,2000,2000,2000,2000,2000,2000,2000,2000,2000,2000,2000,2000,2000,2000,
G,,,2004,2000,2009,2000,2003,2004,,,,2004,2000,2003,2004,2000,2003,,,,2003,G,2000,2000,2000,2000,2000,2000,2000,2000,2000,2000,2000,2000,2000,2000,2000,2000,2000,2000,2000,2000,2000,
H,,,,,2001,,2001,,,,,,,2001,,,2001,,,,2001,H,2000,2000,2000,2000,2000,2000,2000,2000,2000,2000,2000,2000,2000,2000,2000,2000,2000,2000,2000,2000,2000,
I,,,2002,,2002,,,2002,,,,2002,,,2002,,,,,,,I,2000,2000,2000,2000,2000,2000,2000,2000,2000,2000,2000,2000,2000,2000,2000,2000,2000,2000,2000,2000,2000,
J,,,2004,2000,2009,2000,2003,2004,,,,2004,2000,2003,2004,2000,2003,,,,2003,J,2000,2000,2000,2000,2000,2000,2000,2000,2000,2000,2000,2000,2000,2000,2000,2000,2000,2000,2000,2000,2000,
K,,,,,2001,,2001,,,,,,,2001,,,2001,,,,2001,K,2000,2000,2000,2000,2000,2000,2000,2000,2000,2000,2000,2000,2000,2000,2000,2000,2000,2000,2000,2000,2000,
231,0,1,2,3,4,5,6,7,8,9,A,B,C,D,E,F,G,H,I,J,K,321,0,1,2,3,4,5,6,7,8,9,A,B,C,D,E,F,G,H,I,J,K,
0,2000,2000,2000,2000,2000,2000,2000,2000,2000,2000,2000,2000,2000,2000,2000,2000,2000,2000,2000,2000,2000,0,2000,2000,2000,2000,2000,2000,2000,2000,2000,2000,2000,2000,2000,2000,2000,2000,2000,2000,2000,2000,2000,
1,2000,2000,2000,2000,2000,2000,2000,2000,2000,2000,2000,2000,2000,2000,2000,2000,2000,2000,2000,2000,2000,1,2000,2000,2000,2000,2000,2000,2000,2000,2000,2000,2000,2000,2000,2000,2000,2000,2000,2000,2000,2000,2000,
2,2000,2000,2000,2000,2000,2000,2000,2000,2000,2000,2000,2000,2000,2000,2000,2000,2000,2000,2000,2000,2000,2,2000,2000,2000,2000,2000,2000,2000,2000,2000,2000,2000,2000,2000,2000,2000,2000,2000,2000,2000,2000,2000,
3,2000,2000,2000,2000,2000,2000,2000,2000,2000,2000,2000,2000,2000,2000,2000,2000,2000,2000,2000,2000,2000,3,2000,2000,2000,2000,2000,2000,2000,2000,2000,2000,2000,2000,2000,2000,2000,2000,2000,2000,2000,2000,2000,
4,2000,2000,2000,2000,2000,2000,2000,2000,2000,2000,2000,2000,2000,2000,2000,2000,2000,2000,2000,2000,2000,4,2000,2000,2000,2000,2000,2000,2000,2000,2000,2000,2000,2000,2000,2000,2000,2000,2000,2000,2000,2000,2000,
5,2000,2000,2000,2000,2000,2000,2000,2000,2000,2000,2000,2000,2000,2000,2000,2000,2000,2000,2000,2000,2000,5,2000,2000,2000,2000,2000,2000,2000,2000,2000,2000,2000,2000,2000,2000,2000,2000,2000,2000,2000,2000,2000,
6,2000,2000,2000,2000,2000,2000,2000,2000,2000,2000,2000,2000,2000,2000,2000,2000,2000,2000,2000,2000,2000,6,2000,2000,2000,2000,2000,2000,2000,2000,2000,2000,2000,2000,2000,2000,2000,2000,2000,2000,2000,2000,2000,
7,2000,2000,2000,2000,2000,2000,2000,2000,2000,2000,2000,2000,2000,2000,2000,2000,2000,2000,2000,2000,2000,7,2000,2000,2000,2000,2000,2000,2000,2000,2000,2000,2000,2000,2000,2000,2000,2000,2000,2000,2000,2000,2000,
8,2000,2000,2000,2000,2000,2000,2000,2000,2000,2000,2000,2000,2000,2000,2000,2000,2000,2000,2000,2000,2000,8,2000,2000,2000,2000,2000,2000,2000,2000,2000,2000,2000,2000,2000,2000,2000,2000,2000,2000,2000,2000,2000,
9,2000,2000,2000,2000,2000,2000,2000,2000,2000,2000,2000,2000,2000,2000,2000,2000,2000,2000,2000,2000,2000,9,2000,2000,2000,2000,2000,2000,2000,2000,2000,2000,2000,2000,2000,2000,2000,2000,2000,2000,2000,2000,2000,
A,2000,2000,2000,2000,2000,2000,2000,2000,2000,2000,2000,2000,2000,2000,2000,2000,2000,2000,2000,2000,2000,A,2000,2000,2000,2000,2000,2000,2000,2000,2000,2000,2000,2000,2000,2000,2000,2000,2000,2000,2000,2000,2000,
B,2000,2000,2000,2000,2000,2000,2000,2000,2000,2000,2000,2000,2000,2000,2000,2000,2000,2000,2000,2000,2000,B,2000,2000,2000,2000,2000,2000,2000,2000,2000,2000,2000,2000,2000,2000,2000,2000,2000,2000,2000,2000,2000,
C,2000,2000,2000,2000,2000,2000,2000,2000,2000,2000,2000,2000,2000,2000,2000,2000,2000,2000,2000,2000,2000,C,2000,2000,2000,2000,2000,2000,2000,2000,2000,2000,2000,2000,2000,2000,2000,2000,2000,2000,2000,2000,2000,
D,2000,2000,2000,2000,2000,2000,2000,2000,2000,2000,2000,2000,2000,2000,2000,2000,2000,2000,2000,2000,2000,D,2000,2000,2000,2000,2000,2000,2000,2000,2000,2000,2000,2000,2000,2000,2000,2000,2000,2000,2000,2000,2000,
E,2000,2000,2000,2000,2000,2000,2000,2000,2000,2000,2000,2000,2000,2000,2000,2000,2000,2000,2000,2000,2000,E,2000,2000,2000,2000,2000,2000,2000,2000,2000,2000,2000,2000,2000,2000,2000,2000,2000,2000,2000,2000,2000,
F,2000,2000,2000,2000,2000,2000,2000,2000,2000,2000,2000,2000,2000,2000,2000,2000,2000,2000,2000,2000,2000,F,2000,2000,2000,2000,2000,2000,2000,2000,2000,2000,2000,2000,2000,2000,2000,2000,2000,2000,2000,2000,2000,
G,2000,2000,2000,2000,2000,2000,2000,2000,2000,2000,2000,2000,2000,2000,2000,2000,2000,2000,2000,2000,2000,G,2000,2000,2000,2000,2000,2000,2000,2000,2000,2000,2000,2000,2000,2000,2000,2000,2000,2000,2000,2000,2000,
H,2000,2000,2000,2000,2000,2000,2000,2000,2000,2000,2000,2000,2000,2000,2000,2000,2000,2000,2000,2000,2000,H,2000,2000,2000,2000,2000,2000,2000,2000,2000,2000,2000,2000,2000,2000,2000,2000,2000,2000,2000,2000,2000,
I,2000,2000,2000,2000,2000,2000,2000,2000,2000,2000,2000,2000,2000,2000,2000,2000,2000,2000,2000,2000,2000,I,2000,2000,2000,2000,2000,2000,2000,2000,2000,2000,2000,2000,2000,2000,2000,2000,2000,2000,2000,2000,2000,
J,2000,2000,2000,2000,2000,2000,2000,2000,2000,2000,2000,2000,2000,2000,2000,2000,2000,2000,2000,2000,2000,J,2000,2000,2000,2000,2000,2000,2000,2000,2000,2000,2000,2000,2000,2000,2000,2000,2000,2000,2000,2000,2000,
K,2000,2000,2000,2000,2000,2000,2000,2000,2000,2000,2000,2000,2000,2000,2000,2000,2000,2000,2000,2000,2000,K,2000,2000,2000,2000,2000,2000,2000,2000,2000,2000,2000,2000,2000,2000,2000,2000,2000,2000,2000,2000,2000,
,,,,,,,,,,,,,,,,,,,,,,,,,,,,,,,,,,,,,,,,,,,,
;,flag,bonus,1st,Cherry,,,,,,,,,,,,,,,,,,,,,,,,,,,,,,,,,,,,,,,,
T,3,0,3000,,,,,,,,,,,,,,,,,,,,,,,,,,,,,,,,,,,,,,,,,
;,0,1,2,3,4,5,6,7,8,9,A,B,C,D,E,F,G,H,I,J,K,1st,,,,,,,,,,,,,,,,,,,,,,
1--,,3009,,,,3006,,,3011,,3012,,,,,3006,,3013,,3010,,,,,,,,,,,,,,,,,,,,,,,,
-1-,3076,3082,,3094,,,3095,,3117,3127,,3094,,,3099,,3117,3127,,,,,,,,,,,,,,,,,,,,,,,,,,
--1,3147,,3165,,,3147,,3165,,,3184,,,3147,,3165,,,3184,,,,,,,,,,,,,,,,,,,,,,,,,
123,0,1,2,3,4,5,6,7,8,9,A,B,C,D,E,F,G,H,I,J,K,132,0,1,2,3,4,5,6,7,8,9,A,B,C,D,E,F,G,H,I,J,K,
0,,,,,,,,,,,,,,,,,,,,,,0,,,,,,,,,,,,,,,,,,,,,,
1,3009,3009,3009,3009,3009,3009,3009,3009,3009,3009,3009,3009,3009,3009,3009,3009,3009,3009,3009,3009,3009,1,3009,3009,3009,3009,3009,3009,3009,3009,3009,3009,3009,3009,3009,3009,3009,3009,3009,3009,3009,3009,3009,
2,,,,,,,,,,,,,,,,,,,,,,2,,,,,,,,,,,,,,,,,,,,,,
3,,,,,,,,,,,,,,,,,,,,,,3,,,,,,,,,,,,,,,,,,,,,,
4,,,,,,,,,,,,,,,,,,,,,,4,,,,,,,,,,,,,,,,,,,,,,
5,,,,3008,3007,,,,3008,,,,3007,,,,3008,,,,3007,5,,,3008,3007,,3008,,,,,3008,,,3008,,,3007,,3008,,,
6,,,,,,,,,,,,,,,,,,,,,,6,,,,,,,,,,,,,,,,,,,,,,
7,,,,,,,,,,,,,,,,,,,,,,7,,,,,,,,,,,,,,,,,,,,,,
8,3034,3036,3037,3038,3040,3042,3045,3047,3048,3036,3037,3038,3040,3042,3045,3047,3048,3036,3037,3038,3040,8,3065,3067,3071,,3072,3065,3067,3070,,3072,3074,3068,3072,3065,3068,3071,,3072,3074,3068,3072,
9,,,,,,,,,,,,,,,,,,,,,,9,,,,,,,,,,,,,,,,,,,,,,
A,3014,3016,3018,3019,3020,3022,,3026,3028,3029,3018,3019,3020,3022,,3026,3028,3029,3018,3019,3020,A,3052,3053,3057,,3061,3052,3053,3057,,3061,3063,3051,3061,3052,3053,3055,,3061,3063,3051,3061,
B,,,,,,,,,,,,,,,,,,,,,,B,,,,,,,,,,,,,,,,,,,,,,
C,,,,,,,,,,,,,,,,,,,,,,C,,,,,,,,,,,,,,,,,,,,,,
D,,,,,,,,,,,,,,,,,,,,,,D,,,,,,,,,,,,,,,,,,,,,,
E,,,,,,,,,,,,,,,,,,,,,,E,,,,,,,,,,,,,,,,,,,,,,
F,,,,3008,3007,,,,3008,,,,3007,,,,3008,,,,3007,F,,,3008,3007,,3008,,,,,3008,,,3008,,,3007,,3008,,,
G,,,,,,,,,,,,,,,,,,,,,,G,,,,,,,,,,,,,,,,,,,,,,
H,3033,3036,3037,3039,3040,3041,3044,3047,3049,3036,3037,3039,3040,3041,3044,3047,3049,3036,3037,3039,3040,H,3065,3066,3069,,3072,3065,3066,3069,,3072,3073,3068,3072,3065,3066,3069,,3072,3073,3068,3072,
I,,,,,,,,,,,,,,,,,,,,,,I,,,,,,,,,,,,,,,,,,,,,,
J,3014,3015,3018,3019,3021,3022,3023,3024,3028,3030,3018,3019,3021,3022,3023,3024,3028,3030,3018,3019,3021,J,3052,3054,3056,,3059,3052,3054,3056,,3059,3062,3064,3060,3052,3054,3056,,3059,3062,3064,3060,
K,,,,,,,,,,,,,,,,,,,,,,K,,,,,,,,,,,,,,,,,,,,,,
213,0,1,2,3,4,5,6,7,8,9,A,B,C,D,E,F,G,H,I,J,K,312,0,1,2,3,4,5,6,7,8,9,A,B,C,D,E,F,G,H,I,J,K,
0,,3078,,,,3078,,,3034,,3014,,,,,3078,,3033,,3014,,0,3081,3081,3081,3081,3081,3081,3081,3081,3081,3081,3081,3081,3081,3081,3081,3081,3081,3081,3081,3081,3081,
1,,3085,,,,3086,,,3036,,3016,,,,,3086,,3036,,3015,,1,3089,3089,3089,3089,3089,3089,3089,3089,3089,3089,3089,3089,3089,3089,3089,3089,3089,3089,3089,3089,3089,
2,,,,,,,,,3037,,3018,,,,,,,3037,,3018,,2,,,,,,,,,,,,,,,,,,,,,,
3,3094,3094,3094,3094,3094,3094,3094,3094,3038,,3019,3094,3094,3094,3094,3094,3094,3039,,3019,3094,3,3094,3094,3094,3094,3094,3094,3094,3094,3094,3094,3094,3094,3094,3094,3094,3094,3094,3094,3094,3094,3094,
4,,,,,,,,,3040,,3020,,,,,,,3040,,3021,,4,,,,,,,,,,,,,,,,,,,,,,
5,,,,,,,,,3042,,3022,,,,,,,3041,,3022,,5,,,,,,,,,,,,,,,,,,,,,,
6,,3096,,,,,3096,,3045,,3023,,,,,3096,,3044,,3023,,6,3097,,3098,,,3097,,3098,,,3097,,,3097,,3098,,,3097,,,
7,,,,,,,,,3047,,3026,,,,,,,3047,,3024,,7,,,,,,,,,,,,,,,,,,,,,,
8,,3120,,,,3120,,,3048,,3028,,,,,3120,,3049,,3028,,8,3125,3123,3124,3124,,3124,3123,3124,3124,,,3123,,3124,3123,3124,3124,,,3123,,
9,,3130,,,,3130,,,3036,,3029,,,,,3130,,3036,,3030,,9,3135,,,,,3135,,3136,,,3135,,,3135,,,3136,,,,,
A,,,,,,,,,3037,,3018,,,,,,,3037,,3018,,A,,,,,,,,,,,,,,,,,,,,,,
B,3094,3094,3094,3094,3094,3094,3094,3094,3038,,3019,3094,3094,3094,3094,3094,3094,3039,,3019,3094,B,3094,3094,3094,3094,3094,3094,3094,3094,3094,3094,3094,3094,3094,3094,3094,3094,3094,3094,3094,3094,3094,
C,,,,,,,,,3040,,3020,,,,,,,3040,,3021,,C,,,,,,,,,,,,,,,,,,,,,,
D,,,,,,,,,3042,,3022,,,,,,,3041,,3022,,D,,,,,,,,,,,,,,,,,,,,,,
E,,3096,,,,,3096,,3045,,3023,,,,,3096,,3044,,3023,,E,3097,,3098,,,3097,,3098,,,3097,,,3097,,3098,,,3097,,,
F,,,,,,,,,3047,,3026,,,,,,,3047,,3024,,F,,,,,,,,,,,,,,,,,,,,,,
G,,3120,,,,3120,,,3048,,3028,,,,,3120,,3049,,3028,,G,3125,3123,3124,3124,,3124,3123,3124,3124,,,3123,,3124,3123,3124,3124,,,3123,,
H,,3130,,,,3130,,,3036,,3029,,,,,3130,,3036,,3030,,H,3135,,,,,3135,,3136,,,3135,,,3135,,,3136,,,,,
I,,,,,,,,,3037,,3018,,,,,,,3037,,3018,,I,,,,,,,,,,,,,,,,,,,,,,
J,,,,,,,,,3038,,3019,,,,,,,3039,,3019,,J,,,,,,,,,,,,,,,,,,,,,,
K,,,,,,,,,3040,,3020,,,,,,,3040,,3021,,K,,,,,,,,,,,,,,,,,,,,,,
231,0,1,2,3,4,5,6,7,8,9,A,B,C,D,E,F,G,H,I,J,K,321,0,1,2,3,4,5,6,7,8,9,A,B,C,D,E,F,G,H,I,J,K,
0,,3151,,,,3151,,,3065,,3052,,,,,3151,,3065,,3052,,0,,3158,,,,,3158,,3159,3158,,3159,,,,,3159,3158,,,,
1,,,,,,,,,3067,,3053,,,,,,,3066,,3054,,1,,,,,,,,,,,,,,,,,,,,,,
2,,3171,,,,,3171,,3071,,3057,,,,,3171,,3069,,3056,,2,,3174,,,3174,,3174,,,3174,,,3174,,3174,,,3174,,,3174,
3,,,,,,,,,,,,,,,,,,,,,,3,,,,,,,,,,,,,,,,,,,,,,
4,,,,,,,,,3072,,3061,,,,,,,3072,,3059,,4,,,,,,,,,,,,,,,,,,,,,,
5,,3151,,,,3151,,,3065,,3052,,,,,3151,,3065,,3052,,5,,3158,,,,,3158,,3159,3158,,3159,,,,,3159,3158,,,,
6,,,,,,,,,3067,,3053,,,,,,,3066,,3054,,6,,,,,,,,,,,,,,,,,,,,,,
7,,3171,,,,,3171,,3071,,3057,,,,,3171,,3069,,3056,,7,,3179,,,3179,,3179,,,3179,,,3179,,3179,,,3179,,,3179,
8,,,,,,,,,,,,,,,,,,,,,,8,,,,,,,,,,,,,,,,,,,,,,
9,,,,,,,,,3072,,3061,,,,,,,3072,,3059,,9,,,,,,,,,,,,,,,,,,,,,,
A,,3185,,,,3185,,,3074,,3063,,,,,3185,,3073,,3062,,A,,3186,,,,,3187,,,3186,,,,,3187,,,3186,,,,
B,,,,,,,,,3068,,3051,,,,,,,3068,,3064,,B,,,,,,,,,,,,,,,,,,,,,,
C,,,,,,,,,3072,,3061,,,,,,,3072,,3060,,C,,,,,,,,,,,,,,,,,,,,,,
D,,3151,,,,3151,,,3065,,3052,,,,,3151,,3065,,3052,,D,,3158,,,,,3158,,3159,3158,,3159,,,,,3159,3158,,,,
E,,,,,,,,,3068,,3053,,,,,,,3066,,3054,,E,,,,,,,,,,,,,,,,,,,,,,
F,,3171,,,,,3171,,3070,,3055,,,,,3171,,3069,,3056,,F,,3183,,,3183,,3183,,,3183,,,3183,,3183,,,3183,,,3183,
G,,,,,,,,,,,,,,,,,,,,,,G,,,,,,,,,,,,,,,,,,,,,,
H,,,,,,,,,3072,,3061,,,,,,,3072,,3059,,H,,,,,,,,,,,,,,,,,,,,,,
I,,3185,,,,3185,,,3074,,3063,,,,,3185,,3073,,3062,,I,,3186,,,,,3187,,,3186,,,,,3187,,,3186,,,,
J,,,,,,,,,3068,,3051,,,,,,,3068,,3064,,J,,,,,,,,,,,,,,,,,,,,,,
K,,,,,,,,,3072,,3061,,,,,,,3072,,3060,,K,,,,,,,,,,,,,,,,,,,,,,
,,,,,,,,,,,,,,,,,,,,,,,,,,,,,,,,,,,,,,,,,,,,
;,flag,bonus,1st,Suika,,,,,,,,,,,,,,,,,,,,,,,,,,,,,,,,,,,,,,,,
T,4,0,4000,,,,,,,,,,,,,,,,,,,,,,,,,,,,,,,,,,,,,,,,,
;,0,1,2,3,4,5,6,7,8,9,A,B,C,D,E,F,G,H,I,J,K,1st,,,,,,,,,,,,,,,,,,,,,,
1--,4012,4013,,,,4001,,4002,,,,4008,,4009,,4013,,,,,4009,,,,,,,,,,,,,,,,,,,,,,,
-1-,4016,,,4017,4018,4016,,,,4018,,4017,4018,4016,,,,4018,,4017,4018,,,,,,,,,,,,,,,,,,,,,,,
--1,,,4023,4022,4026,,,4029,4022,,,,4026,,,4023,4022,4026,,,4026,,,,,,,,,,,,,,,,,,,,,,,
123,0,1,2,3,4,5,6,7,8,9,A,B,C,D,E,F,G,H,I,J,K,132,0,1,2,3,4,5,6,7,8,9,A,B,C,D,E,F,G,H,I,J,K,
0,4012,4012,4012,4012,4012,4012,4012,4012,4012,4012,4012,4012,4012,4012,4012,4012,4012,4012,4012,4012,4012,0,4012,4012,4012,4012,4012,4012,4012,4012,4012,4012,4012,4012,4012,4012,4012,4012,4012,4012,4012,4012,4012,
1,4014,,,,4015,4014,,,,,4014,,4015,4014,,,,,4014,,4015,1,4014,,4015,,4014,,,4015,,,4014,,,4014,,4015,,4014,,,,
2,,,,,,,,,,,,,,,,,,,,,,2,,,,,,,,,,,,,,,,,,,,,,
3,,,,,,,,,,,,,,,,,,,,,,3,,,,,,,,,,,,,,,,,,,,,,
4,,,,,,,,,,,,,,,,,,,,,,4,,,,,,,,,,,,,,,,,,,,,,
5,4001,4001,4001,4001,4001,4001,4001,4001,4001,4001,4001,4001,4001,4001,4001,4001,4001,4001,4001,4001,4001,5,4001,4001,4001,4001,4001,4001,4001,4001,4001,4001,4001,4001,4001,4001,4001,4001,4001,4001,4001,4001,4001,
6,,,,,,,,,,,,,,,,,,,,,,6,,,,,,,,,,,,,,,,,,,,,,
7,,,,4003,,4004,,,4003,,,4003,,4004,,,4003,,,4003,,7,4005,,4006,,,,4007,,4007,,,,,4005,4006,4006,4007,,,,,
8,,,,,,,,,,,,,,,,,,,,,,8,,,,,,,,,,,,,,,,,,,,,,
9,,,,,,,,,,,,,,,,,,,,,,9,,,,,,,,,,,,,,,,,,,,,,
A,,,,,,,,,,,,,,,,,,,,,,A,,,,,,,,,,,,,,,,,,,,,,
B,4008,4008,4008,4008,4008,4008,4008,4008,4008,4008,4008,4008,4008,4008,4008,4008,4008,4008,4008,4008,4008,B,4008,4008,4008,4008,4008,4008,4008,4008,4008,4008,4008,4008,4008,4008,4008,4008,4008,4008,4008,4008,4008,
C,,,,,,,,,,,,,,,,,,,,,,C,,,,,,,,,,,,,,,,,,,,,,
D,,,,4011,4010,,,,,4010,,4011,4010,,,,,4010,,4011,4010,D,,,4011,,4010,,,,,4010,,,4010,,,4011,,4010,,,4010,
E,,,,,,,,,,,,,,,,,,,,,,E,,,,,,,,,,,,,,,,,,,,,,
F,4014,,,,4015,4014,,,,,4014,,4015,4014,,,,,4014,,4015,F,4014,,4015,,4014,,,4015,,,4014,,,4014,,4015,,4014,,,,
G,,,,,,,,,,,,,,,,,,,,,,G,,,,,,,,,,,,,,,,,,,,,,
H,,,,,,,,,,,,,,,,,,,,,,H,,,,,,,,,,,,,,,,,,,,,,
I,,,,,,,,,,,,,,,,,,,,,,I,,,,,,,,,,,,,,,,,,,,,,
J,,,,,,,,,,,,,,,,,,,,,,J,,,,,,,,,,,,,,,,,,,,,,
K,,,,4011,4010,,,,,4010,,4011,4010,,,,,4010,,4011,4010,K,,,4011,,4010,,,,,4010,,,4010,,,4011,,4010,,,4010,
213,0,1,2,3,4,5,6,7,8,9,A,B,C,D,E,F,G,H,I,J,K,312,0,1,2,3,4,5,6,7,8,9,A,B,C,D,E,F,G,H,I,J,K,
0,4016,4016,4016,4016,4016,4016,4016,4016,4016,4016,4016,4016,4016,4016,4016,4016,4016,4016,4016,4016,4016,0,4016,4016,4016,4016,4016,4016,4016,4016,4016,4016,4016,4016,4016,4016,4016,4016,4016,4016,4016,4016,4016,
1,,,,,,,,,,,,,,,,,,,,,,1,,,,,,,,,,,,,,,,,,,,,,
2,,,,,,,,,,,,,,,,,,,,,,2,,,,,,,,,,,,,,,,,,,,,,
3,4017,4017,4017,4017,4017,4017,4017,4017,4017,4017,4017,4017,4017,4017,4017,4017,4017,4017,4017,4017,4017,3,4017,4017,4017,4017,4017,4017,4017,4017,4017,4017,4017,4017,4017,4017,4017,4017,4017,4017,4017,4017,4017,
4,4019,4021,,,,4019,,4019,,,,4019,,4020,4019,4021,,,,,4020,4,,,4021,4019,4020,,,,4021,,,4020,,,,4021,4019,4020,,4020,,
5,4016,4016,4016,4016,4016,4016,4016,4016,4016,4016,4016,4016,4016,4016,4016,4016,4016,4016,4016,4016,4016,5,4016,4016,4016,4016,4016,4016,4016,4016,4016,4016,4016,4016,4016,4016,4016,4016,4016,4016,4016,4016,4016,
6,,,,,,,,,,,,,,,,,,,,,,6,,,,,,,,,,,,,,,,,,,,,,
7,,,,,,,,,,,,,,,,,,,,,,7,,,,,,,,,,,,,,,,,,,,,,
8,,,,,,,,,,,,,,,,,,,,,,8,,,,,,,,,,,,,,,,,,,,,,
9,4019,4021,,,,4019,,4019,,,,4019,,4020,4019,4021,,,,,4020,9,,,4021,4019,4020,,,,4021,,,4020,,,,4021,4019,4020,,4020,,
A,,,,,,,,,,,,,,,,,,,,,,A,,,,,,,,,,,,,,,,,,,,,,
B,4017,4017,4017,4017,4017,4017,4017,4017,4017,4017,4017,4017,4017,4017,4017,4017,4017,4017,4017,4017,4017,B,4017,4017,4017,4017,4017,4017,4017,4017,4017,4017,4017,4017,4017,4017,4017,4017,4017,4017,4017,4017,4017,
C,4019,4021,,,,4019,,4019,,,,4019,,4020,4019,4021,,,,,4020,C,,,4021,4019,4020,,,,4021,,,4020,,,,4021,4019,4020,,4020,,
D,4016,4016,4016,4016,4016,4016,4016,4016,4016,4016,4016,4016,4016,4016,4016,4016,4016,4016,4016,4016,4016,D,4016,4016,4016,4016,4016,4016,4016,4016,4016,4016,4016,4016,4016,4016,4016,4016,4016,4016,4016,4016,4016,
E,,,,,,,,,,,,,,,,,,,,,,E,,,,,,,,,,,,,,,,,,,,,,
F,,,,,,,,,,,,,,,,,,,,,,F,,,,,,,,,,,,,,,,,,,,,,
G,,,,,,,,,,,,,,,,,,,,,,G,,,,,,,,,,,,,,,,,,,,,,
H,4019,4021,,,,4019,,4019,,,,4019,,4020,4019,4021,,,,,4020,H,,,4021,4019,4020,,,,4021,,,4020,,,,4021,4019,4020,,4020,,
I,,,,,,,,,,,,,,,,,,,,,,I,,,,,,,,,,,,,,,,,,,,,,
J,4017,4017,4017,4017,4017,4017,4017,4017,4017,4017,4017,4017,4017,4017,4017,4017,4017,4017,4017,4017,4017,J,4017,4017,4017,4017,4017,4017,4017,4017,4017,4017,4017,4017,4017,4017,4017,4017,4017,4017,4017,4017,4017,
K,4019,4021,,,,4019,,4019,,,,4019,,4020,4019,4021,,,,,4020,K,,,4021,4019,4020,,,,4021,,,4020,,,,4021,4019,4020,,4020,,
231,0,1,2,3,4,5,6,7,8,9,A,B,C,D,E,F,G,H,I,J,K,321,0,1,2,3,4,5,6,7,8,9,A,B,C,D,E,F,G,H,I,J,K,
0,,,,,,,,,,,,,,,,,,,,,,0,,,,,,,,,,,,,,,,,,,,,,
1,,,,,,,,,,,,,,,,,,,,,,1,,,,,,,,,,,,,,,,,,,,,,
2,,4024,,,,4025,,4024,,,,4025,,4025,,4024,,,,,4025,2,,,,4025,4024,,,,4025,,4024,4025,4024,,,,4025,,,4025,4024,
3,4022,4022,4022,4022,4022,4022,4022,4022,4022,4022,4022,4022,4022,4022,4022,4022,4022,4022,4022,4022,4022,3,4022,4022,4022,4022,4022,4022,4022,4022,4022,4022,4022,4022,4022,4022,4022,4022,4022,4022,4022,4022,4022,
4,,4027,,,,,4027,,,,,4028,,4028,,4027,,,,,4028,4,4027,,,,4028,4027,,,,,4027,,4028,4027,,,,,4027,,4028,
5,,,,,,,,,,,,,,,,,,,,,,5,,,,,,,,,,,,,,,,,,,,,,
6,,,,,,,,,,,,,,,,,,,,,,6,,,,,,,,,,,,,,,,,,,,,,
7,4029,4029,4029,4029,4029,4029,4029,4029,4029,4029,4029,4029,4029,4029,4029,4029,4029,4029,4029,4029,4029,7,4029,4029,4029,4029,4029,4029,4029,4029,4029,4029,4029,4029,4029,4029,4029,4029,4029,4029,4029,4029,4029,
8,4022,4022,4022,4022,4022,4022,4022,4022,4022,4022,4022,4022,4022,4022,4022,4022,4022,4022,4022,4022,4022,8,4022,4022,4022,4022,4022,4022,4022,4022,4022,4022,4022,4022,4022,4022,4022,4022,4022,4022,4022,4022,4022,
9,,,,,,,,,,,,,,,,,,,,,,9,,,,,,,,,,,,,,,,,,,,,,
A,,,,,,,,,,,,,,,,,,,,,,A,,,,,,,,,,,,,,,,,,,,,,
B,,,,,,,,,,,,,,,,,,,,,,B,,,,,,,,,,,,,,,,,,,,,,
C,,4027,,,,,4027,,,,,4028,,4028,,4027,,,,,4028,C,4027,,,,4028,4027,,,,,4027,,4028,4027,,,,,4027,,4028,
D,,,,,,,,,,,,,,,,,,,,,,D,,,,,,,,,,,,,,,,,,,,,,
E,,,,,,,,,,,,,,,,,,,,,,E,,,,,,,,,,,,,,,,,,,,,,
F,,4024,,,,4025,,4024,,,,4025,,4025,,4024,,,,,4025,F,,,,4025,4024,,,,4025,,4024,4025,4024,,,,4025,,,4025,4024,
G,4022,4022,4022,4022,4022,4022,4022,4022,4022,4022,4022,4022,4022,4022,4022,4022,4022,4022,4022,4022,4022,G,4022,4022,4022,4022,4022,4022,4022,4022,4022,4022,4022,4022,4022,4022,4022,4022,4022,4022,4022,4022,4022,
H,,4027,,,,,4027,,,,,4028,,4028,,4027,,,,,4028,H,4027,,,,4028,4027,,,,,4027,,4028,4027,,,,,4027,,4028,
I,,,,,,,,,,,,,,,,,,,,,,I,,,,,,,,,,,,,,,,,,,,,,
J,,,,,,,,,,,,,,,,,,,,,,J,,,,,,,,,,,,,,,,,,,,,,
K,,4027,,,,,4027,,,,,4028,,4028,,4027,,,,,4028,K,4027,,,,4028,4027,,,,,4027,,4028,4027,,,,,4027,,4028,
